{
  "$schema": "https://frontmatter.codes/frontmatter.schema.json",
  "frontMatter.taxonomy.contentTypes": [
    {
      "name": "default",
      "pageBundle": false,
      "previewPath": null,
      "fields": [
        {
          "title": "Title",
          "name": "title",
          "type": "string"
        },
        {
          "title": "Publishing date",
          "name": "date",
          "type": "datetime",
          "default": "{{now}}",
          "isPublishDate": true
        },
        {
          "title": "Content preview",
          "name": "preview",
          "type": "image"
        },
        {
          "title": "Is in draft",
          "name": "draft",
          "type": "draft"
        },
        {
          "title": "Tags",
          "name": "tags",
          "type": "tags"
        },
        {
          "title": "Categories",
          "name": "categories",
          "type": "categories"
        }
      ]
    }
  ],
  "frontMatter.framework.id": "other",
  "frontMatter.content.publicFolder": "",
  "frontMatter.content.pageFolders": [
    {
      "path": "[[workspace]]/node_modules/utils-merge"
    },
    {
      "path": "[[workspace]]/node_modules/parse-gitignore"
    },
    {
      "path": "[[workspace]]/node_modules/passport-strategy"
    },
    {
      "path": "[[workspace]]/node_modules/path-is-absolute"
    }
  ],
  "frontMatter.git.enabled": true
}
